WORD_ID,VOCAB_WORD
0,http
1,use
2,list
3,email
4,get
5,mail
6,one
7,free
8,time
9,work
10,messag
11,make
12,like
13,would
14,peopl
15,new
16,inform
17,receiv
18,pleas
19,click
20,busi
21,address
22,want
23,us
24,need
25,order
26,remov
27,also
28,go
29,year
30,send
31,money
32,file
33,compani
34,system
35,report
36,way
37,wrote
38,name
39,user
40,look
41,site
42,chang
43,day
44,know
45,state
46,program
47,may
48,see
49,call
50,could
51,group
52,even
53,think
54,includ
55,linux
56,first
57,offer
58,take
59,say
60,servic
61,right
62,tri
63,world
64,help
65,find
66,internet
67,market
68,product
69,mani
70,much
71,home
72,said
73,softwar
74,web
75,problem
76,date
77,line
78,spam
79,link
80,check
81,start
82,number
83,run
84,good
85,thing
86,well
87,subject
88,interest
89,phone
90,govern
91,person
92,provid
93,set
94,today
95,come
96,ad
97,million
98,give
99,server
100,follow
101,back
102,best
103,month
104,form
105,rate
106,everi
107,secur
108,gener
109,url
110,price
111,still
112,comput
113,packag
114,instal
115,code
116,avail
117,sent
118,life
119,version
120,commun
121,read
122,sinc
123,grant
124,maintain
125,sponsor
126,thank
127,network
128,two
129,differ
130,credit
131,without
132,made
133,develop
134,support
135,within
136,week
137,page
138,write
139,save
140,case
141,subscript
142,realli
143,irish
144,someth
145,current
146,un
147,last
148,anyon
149,onlin
150,complet
151,sure
152,seem
153,card
154,build
155,requir
156,custom
157,manag
158,de
159,ilug
160,never
161,better
162,window
163,keep
164,special
165,point
166,ca
167,place
168,search
169,per
170,anoth
171,found
172,actual
173,access
174,result
175,repli
176,contact
177,question
178,part
179,base
180,futur
181,listmast
182,old
183,issu
184,put
185,wish
186,long
187,next
188,let
189,live
190,hour
191,countri
192,end
193,invest
194,must
195,unsubscrib
196,mean
197,easi
198,process
199,unit
200,great
201,lot
202,got
203,show
204,technolog
205,nation
206,account
207,guarante
208,might
209,power
210,releas
211,legal
212,data
213,cost
214,allow
215,success
216,sourc
217,news
218,engin
219,possibl
220,trade
221,visit
222,profession
223,post
224,idea
225,increas
226,pay
227,ask
228,public
229,advertis
230,open
231,error
232,opportun
233,websit
234,test
235,real
236,sell
237,ever
238,less
239,respons
240,insur
241,plan
242,design
243,tell
244,creat
245,word
246,buy
247,reason
248,howev
249,prefer
250,heaven
251,someon
252,effect
253,aug
254,color
255,cd
256,law
257,sale
258,applic
259,improv
260,around
261,instead
262,fact
263,least
264,box
265,ye
266,dollar
267,fix
268,american
269,rpm
270,job
271,copi
272,probabl
273,simpl
274,origin
275,believ
276,cours
277,contain
278,fax
279,type
280,move
281,happen
282,friend
283,though
284,littl
285,els
286,financi
287,total
288,valu
289,welcom
290,share
291,request
292,exampl
293,add
294,return
295,abl
296,client
297,perl
298,format
299,anyth
300,alway
301,simpli
302,alreadi
303,high
304,protect
305,fill
306,full
307,cash
308,mailto
309,feel
310,directori
311,regard
312,purchas
313,licens
314,bit
315,stop
316,signatur
317,import
318,intern
319,experi
320,polici
321,answer
322,exist
323,past
324,famili
325,note
326,learn
327,updat
328,top
329,info
330,sep
331,geek
332,becom
333,act
334,lead
335,drive
336,age
337,small
338,ship
339,instruct
340,second
341,suppli
342,control
343,databas
344,member
345,low
346,thousand
347,recent
348,incom
349,select
350,featur
351,stuff
352,minut
353,appli
354,done
355,industri
356,yet
357,turn
358,sever
359,folder
360,citi
361,continu
362,limit
363,understand
364,tool
365,detail
366,guid
367,c
368,noth
369,e
370,exmh
371,step
372,everyth
373,notic
374,enough
375,oper
376,big
377,claim
378,sign
379,univers
380,letter
381,caus
382,larg
383,key
384,other
385,care
386,hard
387,three
388,thinkgeek
389,connect
390,record
391,text
392,discuss
393,etc
394,accept
395,bill
396,thu
397,term
398,play
399,specif
400,via
401,pgp
402,offic
403,talk
404,america
405,immedi
406,mayb
407,direct
408,deal
409,download
410,option
411,major
412,seen
413,forc
414,hope
415,subscrib
416,true
417,kind
418,center
419,thought
420,method
421,individu
422,decid
423,rule
424,log
425,lose
426,plu
427,comment
428,matter
429,natur
430,risk
431,either
432,yahoo
433,assist
434,rather
435,quot
436,present
437,away
438,content
439,mime
440,wait
441,rememb
442,bank
443,hand
444,r
445,fund
446,local
447,kernel
448,project
449,secret
450,loan
451,hundr
452,train
453,level
454,corpor
455,activ
456,consid
457,research
458,matthia
459,razor
460,area
461,august
462,forward
463,bodi
464,book
465,root
466,stori
467,addit
468,machin
469,target
470,standard
471,benefit
472,entir
473,war
474,suggest
475,quit
476,bad
477,document
478,presid
479,global
480,copyright
481,posit
482,appear
483,author
484,bug
485,often
486,expect
487,juli
488,distribut
489,polit
490,human
491,mind
492,septemb
493,grow
494,jul
495,ago
496,size
497,qualiti
498,hit
499,none
500,trust
501,partner
502,absolut
503,easili
504,island
505,pm
506,b
507,love
508,agent
509,whether
510,join
511,given
512,collect
513,solut
514,involv
515,happi
516,amount
517,associ
518,fast
519,domain
520,singl
521,charg
522,man
523,whole
524,promot
525,dvd
526,far
527,earn
528,sort
529,later
530,fork
531,parti
532,feder
533,hi
534,mortgag
535,upon
536,submit
537,normal
538,enter
539,potenti
540,meet
541,wed
542,refer
543,wrong
544,red
545,function
546,nice
547,tm
548,load
549,wonder
550,almost
551,transact
552,john
553,econom
554,social
555,publish
556,discov
557,reach
558,everyon
559,close
560,pass
561,view
562,fail
563,execut
564,sound
565,depend
566,perform
567,privat
568,profit
569,women
570,broadcast
571,attack
572,x
573,newslett
574,relat
575,paid
576,automat
577,effort
578,contract
579,statement
580,delet
581,begin
582,mark
583,foreign
584,compil
585,sequenc
586,media
587,regist
588,miss
589,spamassassin
590,bush
591,final
592,figur
593,header
594,cell
595,command
596,stock
597,handl
598,display
599,similar
600,action
601,game
602,tuesday
603,locat
604,pick
605,transfer
606,digit
607,templ
608,wo
609,event
610,hat
611,disk
612,produc
613,chri
614,known
615,soon
616,track
617,articl
618,print
619,longer
620,tax
621,properti
622,pretti
623,mention
624,toner
625,dear
626,store
627,default
628,script
629,debt
630,pc
631,men
632,oblig
633,hous
634,sun
635,respect
636,upgrad
637,microsoft
638,imag
639,organ
640,due
641,bulk
642,enenkio
643,administr
644,commiss
645,payment
646,weight
647,capit
648,health
649,along
650,daili
651,freedom
652,practic
653,propos
654,half
655,usa
656,worth
657,n
658,offici
659,cartridg
660,strategi
661,resourc
662,billion
663,came
664,languag
665,leav
666,late
667,platform
668,concern
669,assum
670,remain
671,net
672,clear
673,exactli
674,street
675,devic
676,html
677,lost
678,anyway
679,ignor
680,car
681,tire
682,ok
683,interact
684,head
685,hear
686,went
687,respond
688,tue
689,taken
690,deliv
691,tablet
692,la
693,independ
694,clean
695,perhap
696,configur
697,bring
698,qualifi
699,space
700,fals
701,fine
702,averag
703,watch
704,invok
705,press
706,expens
707,short
708,retail
709,school
710,recommend
711,membership
712,memori
713,enabl
714,fall
715,host
716,huge
717,fee
718,guess
719,consult
720,edit
721,extrem
722,suit
723,left
724,xml
725,review
726,choos
727,usual
728,common
729,advantag
730,warn
731,except
732,en
733,compar
734,agre
735,port
736,region
737,materi
738,main
739,abil
740,side
741,announc
742,field
743,five
744,dream
745,told
746,drop
747,although
748,basic
749,paper
750,guy
751,le
752,fri
753,readi
754,item
755,educ
756,black
757,growth
758,vulner
759,spend
760,hold
761,win
762,model
763,cheer
764,face
765,electron
766,bonu
767,replac
768,interfac
769,studi
770,confidenti
771,unseen
772,reserv
773,loss
774,altern
775,safe
776,mon
777,kingdom
778,accord
779,intend
780,avoid
781,j
782,choic
783,implement
784,approv
785,oz
786,id
787,rest
788,multipl
789,situat
790,histori
791,commerci
792,moment
793,break
794,chanc
795,investig
796,employ
797,insid
798,combin
799,p
800,togeth
801,extra
802,initi
803,section
804,coupl
805,pictur
806,quick
807,purpos
808,confirm
809,advanc
810,msg
811,court
812,monday
813,util
814,across
815,goe
816,unless
817,particular
818,burn
819,object
820,energi
821,score
822,express
823,india
824,et
825,male
826,owner
827,video
828,took
829,indic
830,filter
831,sens
832,count
833,correct
834,societi
835,agenc
836,speed
837,directli
838,four
839,profil
840,variou
841,die
842,anywher
843,procedur
844,valid
845,gpl
846,match
847,cut
848,uniqu
849,seek
850,ventur
851,period
852,consum
853,especi
854,piec
855,sex
856,white
857,spammer
858,certain
859,whatev
860,kevin
861,investor
862,behalf
863,explain
864,adam
865,knowledg
866,class
867,setup
868,popul
869,latest
870,gain
871,remot
872,dagga
873,militari
874,oh
875,tip
876,atol
877,unison
878,ftp
879,block
880,unix
881,gari
882,googl
883,marshal
884,south
885,tv
886,patch
887,lawrenc
888,smoke
889,establish
890,team
891,valuabl
892,switch
893,aaaaaaaaaaaaaaaaaaaaaaaaaaaaaaaaaaaaaaaaaaaaaaaaaaaaaaaaaaaaaaaaaaaaaaaaaaaa
894,ragga
895,imagin
896,shop
897,java
898,integr
899,prevent
900,robert
901,third
902,attempt
903,prepar
904,boot
905,folk
906,will
907,privaci
908,hardwar
909,necessari
910,manual
911,tag
912,sometim
913,heard
914,sorri
915,york
916,screen
917,congress
918,saou
919,particip
920,bottl
921,reduc
922,sa
923,fastest
924,china
925,night
926,depart
927,backup
928,stand
929,enjoy
930,cover
931,driver
932,mass
933,path
934,certainli
935,alb
936,seriou
937,obtain
938,goal
939,regul
940,botan
941,competit
942,suppos
943,amaz
944,h
945,lower
946,land
947,promis
948,fulli
949,capabl
950,speak
951,medic
952,poor
953,extend
954,deathtospamdeathtospamdeathtospam
955,traffic
956,titl
957,scienc
958,introduc
959,apolog
960,lowest
961,defin
962,describ
963,movi
964,troubl
965,definit
966,cv
967,neg
968,film
969,exchang
970,paul
971,rang
972,easier
973,wireless
974,osdn
975,decis
976,os
977,sender
978,technic
979,approach
980,death
981,murphi
982,earli
983,predict
984,six
985,quickli
986,fortun
987,beberg
988,written
989,commit
990,kill
991,sold
992,redhat
993,worri
994,im
995,judgment
996,firm
997,music
998,apt
999,michael
1000,button
1001,ham
1002,seventh
1003,fat
1004,mobil
1005,north
1006,ensur
1007,economi
1008,king
1009,opinion
1010,father
1011,browser
1012,attach
1013,telephon
1014,faster
1015,archiv
1016,premium
1017,librari
1018,achiev
1019,argument
1020,player
1021,bar
1022,travel
1023,techniqu
1024,separ
1025,desir
1026,adult
1027,enterpris
1028,demand
1029,threat
1030,cooper
1031,deserv
1032,appar
1033,board
1034,uk
1035,f
1036,hello
1037,condit
1038,modul
1039,anim
1040,enhanc
1041,terrorist
1042,determin
1043,outsid
1044,estat
1045,attent
1046,elimin
1047,stay
1048,dave
1049,wide
1050,monthli
1051,drug
1052,expert
1053,wall
1054,virtual
1055,repres
1056,cabl
1057,children
1058,gnupg
1059,environ
1060,declar
1061,held
1062,sincer
1063,pain
1064,modifi
1065,danger
1066,fun
1067,washington
1068,signific
1069,permiss
1070,david
1071,confid
1072,relev
1073,kid
1074,iii
1075,w
1076,cat
1077,canada
1078,sum
1079,l
1080,programm
1081,rich
1082,g
1083,equip
1084,cc
1085,exclus
1086,air
1087,popular
1088,forev
1089,proven
1090,bitbitch
1091,diet
1092,excel
1093,justin
1094,bottom
1095,string
1096,paragraph
1097,centuri
1098,usd
1099,expand
1100,skip
1101,central
1102,friday
1103,factor
1104,monitor
1105,anybodi
1106,relationship
1107,challeng
1108,san
1109,identifi
1110,pattern
1111,near
1112,behind
1113,director
1114,appreci
1115,excit
1116,asset
1117,toward
1118,terror
1119,exercis
1120,girl
1121,perfect
1122,confer
1123,sexual
1124,background
1125,rh
1126,defens
1127,discoveri
1128,citizen
1129,whose
1130,progress
1131,among
1132,unsolicit
1133,rais
1134,roman
1135,hettinga
1136,west
1137,difficult
1138,sampl
1139,fit
1140,road
1141,rel
1142,acquir
1143,octob
1144,thread
1145,illeg
1146,colleg
1147,spain
1148,lender
1149,photo
1150,intellig
1151,partit
1152,entri
1153,tie
1154,william
1155,confus
1156,chief
1157,strong
1158,serv
1159,earth
1160,seri
1161,reader
1162,solv
1163,stupid
1164,largest
1165,fair
1166,instant
1167,european
1168,ms
1169,refin
1170,measur
1171,tree
1172,extract
1173,mode
1174,verifi
1175,french
1176,peac
1177,equival
1178,regular
1179,built
1180,lock
1181,laptop
1182,slow
1183,sweet
1184,index
1185,reliabl
1186,procmail
1187,deliveri
1188,oct
1189,conveni
1190,mac
1191,resid
1192,categori
1193,datapow
1194,smart
1195,suse
1196,tradit
1197,brian
1198,dead
1199,front
1200,graphic
1201,inlin
1202,arial
1203,africa
1204,leader
1205,ident
1206,europ
1207,voic
1208,cach
1209,evid
1210,ten
1211,emerg
1212,useless
1213,femal
1214,tim
1215,realiz
1216,statu
1217,annuiti
1218,verdana
1219,desktop
1220,compat
1221,gnu
1222,capillari
1223,occur
1224,campaign
1225,fire
1226,therefor
1227,abus
1228,cultur
1229,young
1230,gift
1231,higher
1232,herba
1233,institut
1234,concept
1235,previous
1236,physic
1237,revenu
1238,satellit
1239,aid
1240,launch
1241,thursday
1242,walk
1243,warranti
1244,brand
1245,deposit
1246,convers
1247,nigeria
1248,underlin
1249,june
1250,otherwis
1251,doubt
1252,concentr
1253,degre
1254,roll
1255,contribut
1256,echo
1257,honor
1258,forget
1259,compet
1260,indian
1261,unlimit
1262,inde
1263,classifi
1264,wife
1265,pacif
1266,carri
1267,arriv
1268,repositori
1269,former
1270,yeah
1271,weapon
1272,fight
1273,affili
1274,recipi
1275,conflict
1276,powel
1277,listen
1278,critic
1279,token
1280,unfortun
1281,password
1282,tech
1283,app
1284,storag
1285,extens
1286,surpris
1287,isp
1288,percent
1289,sat
1290,hermio
1291,succeed
1292,basi
1293,effici
1294,civil
1295,jabber
1296,sleep
1297,catch
1298,hot
1299,assur
1300,detect
1301,sit
1302,art
1303,substanti
1304,garrigu
1305,kept
1306,printer
1307,intro
1308,panel
1309,alsa
1310,water
1311,descript
1312,scan
1313,enemi
1314,tabl
1315,mine
1316,light
1317,menu
1318,proprietari
1319,jm
1320,pull
1321,charact
1322,ip
1323,saw
1324,attract
1325,discount
1326,wednesday
1327,god
1328,disabl
1329,truth
1330,advic
1331,joe
1332,pudg
1333,output
1334,v
1335,revers
1336,balanc
1337,vendor
1338,gone
1339,analysi
1340,af
1341,structur
1342,seven
1343,manufactur
1344,euro
1345,worldwid
1346,jame
1347,morn
1348,lack
1349,agreement
1350,alon
1351,vote
1352,room
1353,specifi
1354,franc
1355,teach
1356,decad
1357,cool
1358,k
1359,whitelist
1360,patent
1361,boston
1362,california
1363,awar
1364,gold
1365,editor
1366,wast
1367,nobodi
1368,zip
1369,polic
1370,construct
1371,insert
1372,treat
1373,innov
1374,inc
1375,clue
1376,u
1377,highli
1378,journal
1379,theori
1380,obvious
1381,temperatur
1382,career
1383,ga
1384,tom
1385,financ
1386,constitut
1387,incred
1388,ultim
1389,spec
1390,int
1391,encourag
1392,son
1393,afford
1394,impress
1395,flag
1396,touch
1397,input
1398,gcc
1399,cent
1400,correspond
1401,usag
1402,ab
1403,brain
1404,peni
1405,anymor
1406,trick
1407,ebay
1408,attorney
1409,greater
1410,wake
1411,hp
1412,blank
1413,master
1414,trial
1415,previou
1416,mother
1417,blood
1418,boy
1419,middl
1420,annual
1421,jim
1422,stream
1423,mike
1424,dan
1425,democrat
1426,hate
1427,suffer
1428,greg
1429,cbyi
1430,larger
1431,urgent
1432,mechan
1433,el
1434,cheap
1435,advis
1436,focu
1437,pound
1438,perman
1439,varieti
1440,underwrit
1441,speech
1442,particularli
1443,summari
1444,star
1445,judg
1446,skeptic
1447,flow
1448,smtp
1449,style
1450,mostli
1451,php
1452,vacat
1453,mistak
1454,instanc
1455,delay
1456,dynam
1457,percentag
1458,obviou
1459,bold
1460,behavior
1461,wealth
1462,dark
1463,warm
1464,destruct
1465,toni
1466,binari
1467,keyboard
1468,comfort
1469,republ
1470,earlier
1471,super
1472,arm
1473,woman
1474,suspect
1475,aa
1476,mailer
1477,eye
1478,auto
1479,rick
1480,telecom
1481,laserjet
1482,channel
1483,termin
1484,affect
1485,firewal
1486,reveal
1487,rock
1488,steve
1489,tend
1490,se
1491,motiv
1492,essenti
1493,ban
1494,consolid
1495,ireland
1496,knew
1497,principl
1498,skill
1499,floppi
1500,english
1501,vipul
1502,alli
1503,rss
1504,domest
1505,btw
1506,recogn
1507,consist
1508,prospect
1509,heart
1510,wing
1511,highlight
1512,estim
1513,impact
1514,beta
1515,pack
1516,core
1517,lawyer
1518,prompt
1519,gnome
1520,eval
1521,magazin
1522,eventu
1523,nearli
1524,defend
1525,dell
1526,restor
1527,opt
1528,somewher
1529,invit
1530,font
1531,pipe
1532,revis
1533,convert
1534,lifetim
1535,planta
1536,fl
1537,role
1538,vehicl
1539,comprehens
1540,staff
1541,beat
1542,unlik
1543,march
1544,ftoc
1545,variabl
1546,task
1547,map
1548,histor
1549,pocket
1550,ground
1551,eat
1552,dn
1553,babi
1554,modem
1555,hair
1556,biggest
1557,modern
1558,python
1559,audio
1560,food
1561,despit
1562,clearli
1563,teledynam
1564,ec
1565,bind
1566,fresh
1567,sensit
1568,favor
1569,commentari
1570,bf
1571,picasso
1572,strength
1573,complianc
1574,ii
1575,suck
1576,shown
1577,minimum
1578,senior
1579,mlm
1580,dragon
1581,config
1582,exploit
1583,netscap
1584,british
1585,coverag
1586,strongli
1587,doctor
1588,peter
1589,ea
1590,liber
1591,failur
1592,mile
1593,protocol
1594,spot
1595,gave
1596,truli
1597,mailbox
1598,beyond
1599,conserv
1600,instantli
1601,employe
1602,texa
1603,permit
1604,dont
1605,interview
1606,met
1607,stabl
1608,tape
1609,optim
1610,calcul
1611,equal
1612,signal
1613,tx
1614,reli
1615,synchron
1616,everybodi
1617,typic
1618,visa
1619,brought
1620,consider
1621,translat
1622,draw
1623,hover
1624,q
1625,led
1626,proper
1627,distanc
1628,crash
1629,worst
1630,dial
1631,chines
1632,al
1633,revok
1634,showcas
1635,startup
1636,geeg
1637,char
1638,exact
1639,hidden
1640,evil
1641,crimin
1642,annoy
1643,favorit
1644,yesterday
1645,boss
1646,finish
1647,plant
1648,bonus
1649,spent
1650,extern
1651,prove
1652,neighbor
1653,broker
1654,imposs
1655,stylu
1656,bearer
1657,retriev
1658,sole
1659,artist
1660,ran
1661,rare
1662,explor
1663,pop
1664,bb
1665,z
1666,repair
1667,acknowledg
1668,bigger
1669,sir
1670,feet
1671,foundat
1672,england
1673,planet
1674,properli
1675,somebodi
1676,hack
1677,portion
1678,rob
1679,expir
1680,serious
1681,safeti
1682,hotel
1683,guidelin
1684,rebuild
1685,beauti
1686,poverti
1687,edward
1688,equiti
1689,hell
1690,evalu
1691,strang
1692,scientist
1693,station
1694,helvetica
1695,push
1696,minor
1697,autom
1698,restrict
1699,climat
1700,summer
1701,antiqu
1702,correctli
1703,iiu
1704,prescript
1705,sport
1706,jump
1707,strip
1708,bell
1709,chicago
1710,lie
1711,sunday
1712,scheme
1713,spread
1714,mount
1715,entertain
1716,epson
1717,para
1718,diseas
1719,threaten
1720,shape
1721,vou
1722,fundament
1723,currenc
1724,radio
1725,student
1726,recruit
1727,primari
1728,lo
1729,gentl
1730,headlin
1731,becam
1732,spamd
1733,mainten
1734,recal
1735,architectur
1736,happier
1737,proxi
1738,merchant
1739,resum
1740,herb
1741,laser
1742,protest
1743,damag
1744,seed
1745,husband
1746,craig
1747,hang
1748,muscl
1749,corpu
1750,empti
1751,settlement
1752,plug
1753,remedi
1754,vast
1755,buyer
1756,sendmail
1757,van
1758,feroc
1759,stick
1760,bc
1761,prioriti
1762,doubl
1763,exit
1764,ticket
1765,luck
1766,faith
1767,western
1768,hall
1769,disappear
1770,tel
1771,reg
1772,feedback
1773,angl
1774,georg
1775,viagra
1776,symbol
1777,moor
1778,prior
1779,dozen
1780,green
1781,somehow
1782,ba
1783,laugh
1784,hire
1785,creativ
1786,child
1787,realiti
1788,usb
1789,aspect
1790,bother
1791,anonym
1792,broken
1793,reject
1794,batteri
1795,oil
1796,norton
1797,seminar
1798,feed
1799,kathmandu
1800,ssh
1801,disclaim
1802,hormon
1803,supplement
1804,camera
1805,wors
1806,pour
1807,fantasi
1808,parent
1809,allianc
1810,entrepreneur
1811,arrang
1812,argu
1813,encrypt
1814,substanc
1815,democraci
1816,shall
1817,perfectli
1818,ie
1819,appeal
1820,acceler
1821,shot
1822,committe
1823,convent
1824,doc
1825,convinc
1826,random
1827,shock
1828,neither
1829,sponsorship
1830,mozilla
1831,authent
1832,blue
1833,electr
1834,observ
1835,statist
1836,phrase
1837,à
1838,serial
1839,park
1840,legitim
1841,slightli
1842,auction
1843,edificio
1844,barcelona
1845,strictli
1846,alert
1847,east
1848,merg
1849,hey
1850,refund
1851,edg
1852,funni
1853,award
1854,frame
1855,empir
1856,nort
1857,queri
1858,resolv
1859,appropri
1860,door
1861,highest
1862,repeat
1863,aphrodisia
1864,carrier
1865,ac
1866,hunt
1867,damn
1868,smaller
1869,stabil
1870,volum
1871,capac
1872,daniel
1873,solari
1874,bear
1875,surviv
1876,tomorrow
1877,survey
1878,fear
1879,eugen
1880,lesson
1881,kelli
1882,pressur
1883,banner
1884,twice
1885,bought
1886,mason
1887,odd
1888,strike
1889,declin
1890,nt
1891,te
1892,aggress
1893,virus
1894,alter
1895,januari
1896,mr
1897,meant
1898,amend
1899,farquhar
1900,fairli
1901,owen
1902,arrest
1903,herbal
1904,trip
1905,union
1906,pablo
1907,promiscu
1908,winner
1909,violat
1910,inbox
1911,duplic
1912,zero
1913,cold
1914,ah
1915,appl
1916,exclud
1917,weekend
1918,complain
1919,gmt
1920,easiest
1921,cancel
1922,welch
1923,bound
1924,compon
1925,race
1926,harm
1927,licenc
1928,ratio
1929,algorithm
1930,vari
1931,pill
1932,deni
1933,presum
1934,audienc
1935,debian
1936,genet
1937,mous
1938,scam
1939,bandwidth
1940,mh
1941,mirror
1942,formula
1943,reduct
1944,bunch
1945,farm
1946,blog
1947,md
1948,round
1949,prosaka
1950,spray
1951,nativ
1952,postal
1953,honest
1954,compens
1955,split
1956,precis
1957,analyst
1958,gay
1959,brief
1960,partnership
1961,iraq
1962,elsewher
1963,vjestika
1964,sea
1965,viru
1966,tab
1967,martin
1968,approxim
1969,reboot
1970,possess
1971,austin
1972,renew
1973,â
1974,bankruptci
1975,club
1976,gibbon
1977,plugin
1978,dramat
1979,processor
1980,roger
1981,porn
1982,saturday
1983,margin
1984,testimoni
1985,buffer
1986,msgid
1987,deploy
1988,massiv
1989,envelop
1990,lift
1991,gordon
1992,weekli
1993,reward
1994,label
1995,grand
1996,engag
1997,complex
1998,nvidia
1999,infrastructur
2000,religion
2001,dig
2002,rohit
2003,aol
2004,fuck
2005,registr
2006,that
2007,prohibit
2008,adopt
2009,environment
2010,apart
2011,ibm
2012,hmm
2013,writer
2014,sm
2015,flash
2016,cancer
2017,agreeabl
2018,anytim
2019,millionair
2020,retir
2021,collabor
2022,ministri
2023,harley
2024,assembl
2025,ae
2026,african
2027,ps
2028,solicit
2029,cycl
2030,inconveni
2031,length
2032,plenti
2033,justic
2034,conduct
2035,yellow
2036,schedul
2037,shell
2038,northern
2039,thoma
2040,satisfi
2041,acquisit
2042,null
2043,img
2044,self
2045,onto
2046,henc
2047,encount
2048,mere
2049,excess
2050,swap
2051,ffffff
2052,began
2053,duncan
2054,experienc
2055,own
2056,rose
2057,farmer
2058,enforc
2059,distro
2060,rout
2061,candid
2062,clock
2063,scale
2064,elect
2065,prosper
2066,da
2067,homeown
2068,domin
2069,evolv
2070,demonstr
2071,grab
2072,famou
2073,throw
2074,liter
2075,conclud
2076,invent
2077,minim
2078,kate
2079,london
2080,pointer
2081,attend
2082,guido
2083,straight
2084,russian
2085,transform
2086,wholesal
2087,deep
2088,newspap
2089,solid
2090,boost
2091,televis
2092,var
2093,mix
2094,colleagu
2095,unabl
2096,glad
2097,christian
2098,wave
2099,buck
2100,rank
2101,oppos
2102,lawsuit
2103,murder
2104,hors
2105,niall
2106,toll
2107,chat
2108,context
2109,receipt
2110,assert
2111,skin
2112,attain
2113,routin
2114,crime
2115,co
2116,loop
2117,valhalla
2118,preserv
2119,remark
2120,entiti
2121,proof
2122,blame
2123,religi
2124,resel
2125,corrupt
2126,abacha
2127,mathemat
2128,marshalles
2129,moral
2130,brent
2131,inspir
2132,newsgroup
2133,accur
2134,glm
2135,asia
2136,russia
2137,scientif
2138,habea
2139,passphras
2140,webmast
2141,icq
2142,replica
2143,inkjet
2144,tune
2145,forest
2146,paypal
2147,vircio
2148,numer
2149,tast
2150,rise
2151,bu
2152,brother
2153,song
2154,yield
2155,heavi
2156,na
2157,chart
2158,po
2159,formal
2160,ben
2161,column
2162,joseph
2163,visitor
2164,mountain
2165,embed
2166,hash
2167,bless
2168,destroy
2169,victim
2170,hint
2171,regardless
2172,throughout
2173,sheet
2174,jar
2175,frequent
2176,dog
2177,decemb
2178,chip
2179,amateur
2180,limbo
2181,logic
2182,bay
2183,trace
2184,incompat
2185,consequ
2186,pure
2187,town
2188,freebsd
2189,labor
2190,remind
2191,mess
2192,ed
2193,aim
2194,branch
2195,drink
2196,classic
2197,satisfact
2198,export
2199,spamtrap
2200,smoker
2201,que
2202,syntax
2203,medium
2204,assign
2205,ladi
2206,exhibit
2207,gambl
2208,worker
2209,coast
2210,imho
2211,est
2212,topic
2213,violenc
2214,joke
2215,spirit
2216,felt
2217,negoti
2218,privileg
2219,adapt
2220,crap
2221,il
2222,pars
2223,exceed
2224,focus
2225,prize
2226,battl
2227,batch
2228,fan
2229,vice
2230,cheaper
2231,appoint
2232,opposit
2233,incorpor
2234,tremend
2235,byte
2236,specialist
2237,lib
2238,pa
2239,pursu
2240,stamp
2241,circumst
2242,complic
2243,intel
2244,bet
2245,moder
2246,pro
2247,caught
2248,liberti
2249,trivial
2250,florida
2251,keyword
2252,gather
2253,airlin
2254,older
2255,border
2256,loos
2257,admit
2258,affair
2259,unwant
2260,struggl
2261,lover
2262,strengthen
2263,unknown
2264,sophist
2265,jodi
2266,truck
2267,compress
2268,kit
2269,chairman
2270,okay
2271,entitl
2272,compel
2273,boundari
2274,goto
2275,alan
2276,riaa
2277,sur
2278,ui
2279,ahead
2280,disclosur
2281,trend
2282,australia
2283,sector
2284,ownership
2285,ved
2286,transmiss
2287,ideal
2288,hole
2289,muslim
2290,penni
2291,stage
2292,wear
2293,belief
2294,britain
2295,pioneer
2296,album
2297,surfac
2298,dublin
2299,mastercard
2300,airport
2301,owe
2302,dice
2303,wa
2304,stress
2305,jack
2306,maximum
2307,ice
2308,assumpt
2309,relay
2310,overal
2311,refus
2312,encod
2313,outlook
2314,weather
2315,tin
2316,adjust
2317,scott
2318,palestinian
2319,pickl
2320,weak
2321,suffici
2322,maker
2323,stephen
2324,lay
2325,dump
2326,msn
2327,mplayer
2328,majesti
2329,reform
2330,raw
2331,chain
2332,propag
2333,finger
2334,magic
2335,influenc
2336,hide
2337,debug
2338,transpar
2339,captur
2340,wealthi
2341,curv
2342,portabl
2343,ne
2344,hawaii
2345,sentenc
2346,schuman
2347,marri
2348,patrick
2349,frustrat
2350,proceed
2351,ou
2352,depress
2353,mandat
2354,holiday
2355,egg
2356,catalog
2357,admin
2358,explan
2359,session
2360,lilo
2361,vision
2362,astronom
2363,retain
2364,whatsoev
2365,crack
2366,spring
2367,trademark
2368,dinosaur
2369,endeavor
2370,ce
2371,silli
2372,shout
2373,timeout
2374,bone
2375,submiss
2376,fli
2377,randomli
2378,mysql
2379,ram
2380,api
2381,speaker
2382,intellectu
2383,rah
2384,scratch
2385,buri
2386,outstand
2387,hacker
2388,latter
2389,settl
2390,francisco
2391,besid
2392,gpg
2393,inexpens
2394,movement
2395,heck
2396,tower
2397,ethic
2398,belong
2399,weird
2400,virginia
2401,casino
2402,corner
2403,rapidli
2404,circl
2405,hospit
2406,unusu
2407,spambay
2408,ar
2409,eb
2410,openssl
2411,iroijlaplap
2412,celebr
2413,abandon
2414,xxx
2415,thirti
2416,germani
2417,expos
2418,pentium
2419,recognit
2420,snore
2421,jeremi
2422,bomb
2423,joint
2424,ez
2425,scholarship
2426,plane
2427,du
2428,lean
2429,formul
2430,organis
2431,ton
2432,ir
2433,igtt
2434,intent
2435,necessarili
2436,constant
2437,preced
2438,prob
2439,fuel
2440,greatest
2441,tivo
2442,twenti
2443,minist
2444,une
2445,openssh
2446,fp
2447,arg
2448,dr
2449,armi
2450,draft
2451,conclus
2452,harvest
2453,forum
2454,relax
2455,japan
2456,season
2457,recov
2458,framework
2459,maxim
2460,richard
2461,jurisdict
2462,marriag
2463,es
2464,greet
2465,element
2466,tweak
2467,wild
2468,german
2469,theme
2470,notifi
2471,subsequ
2472,trader
2473,pci
2474,council
2475,dedic
2476,anthoni
2477,pleasur
2478,bob
2479,freez
2480,render
2481,advisor
2482,shoot
2483,fashion
2484,asian
2485,maxaman
2486,contest
2487,milter
2488,hook
2489,murjel
2490,bond
2491,layer
2492,capitalist
2493,con
2494,scenario
2495,bullet
2496,burner
2497,potent
2498,ximian
2499,bsd
